test_case,depth_time,depth_obj,sensing_time,sensing_obj,py_time,py_obj,baseline_time,baseline_obj
47,3.190322135,282.0,3.091376695,282.0,2.579561710357666,282.0,2.309424151,282.0
50,360.0,N/A,360.0,N/A,360.0,N/A,360.0,N/A
65,47.017011796,0.0,164.149236084,0.0,2.0808393955230713,0.0,1.289359794,0.0
66,8.795601523,-0.5600083700145001,20.258725615,-0.5600083700145002,11.096626281738281,-0.5600083700145,2.130964098,-0.5600083700145
67,5.417213967,334.0,5.417312711,334.0,5.960437059402466,334.0,6.330585995,334.0
68,3.891158179,557.8486659261209,6.490450143,557.8486507229316,5.107674598693848,557.848650950654,1.179018188,557.8486509223835
69,7.586551591,-110942.0,6.768715876,-110942.0,8.059559106826782,-110942.0,5.424560542,-110942.0
72,360.0,N/A,360.0,N/A,1.4697597026824951,-65.0,2.264354388,-65.0
73,360.0,N/A,360.0,N/A,70.12111806869507,15595.0,61.455266464,15595.0
87,360.0,N/A,360.0,N/A,360.0,N/A,8.402957678,11.0
89,3.357279221,197.3338812420934,4.81412788,197.3338812420934,2.768669605255127,197.3338812420934,2.17403082,197.3338816022528
90,6.859399085,430.5765539306936,14.04816872,430.576553117778,9.914822816848755,430.57615307589884,2.464591026,430.5765425819832
95,88.780442706,602.0,88.667897708,602.0,94.9013512134552,602.0,247.923261171,602.0
