case_id,mps,sym_ok,sym_rc,sym_timeout,sym_orbit_count
1,Initial_problem_set/Test_prob_1.mps,True,0,False,5
4,Initial_problem_set/Test_prob_4.mps,True,0,False,1
9,Initial_problem_set/Test_prob_9.mps,True,0,False,1
12,Initial_problem_set/Test_prob_12.mps,True,0,False,2
13,Initial_problem_set/Test_prob_13.mps,True,0,False,38
15,Initial_problem_set/Test_prob_15.mps,True,0,False,1
18,Initial_problem_set/Test_prob_18.mps,True,0,False,3
19,Initial_problem_set/Test_prob_19.mps,True,0,False,5
22,Initial_problem_set/Test_prob_22.mps,True,0,False,2
23,Initial_problem_set/Test_prob_23.mps,True,0,False,5
24,Initial_problem_set/Test_prob_24.mps,True,0,False,2
26,Initial_problem_set/Test_prob_26.mps,True,0,False,5
28,Initial_problem_set/Test_prob_28.mps,True,0,False,1
35,Initial_problem_set/Test_prob_35.mps,True,0,False,5
40,Initial_problem_set/Test_prob_40.mps,True,0,False,29
42,Initial_problem_set/Test_prob_42.mps,True,0,False,25
43,Initial_problem_set/Test_prob_43.mps,True,0,False,5
47,Initial_problem_set/Test_prob_47.mps,True,0,False,5
50,Initial_problem_set/Test_prob_50.mps,True,0,False,5
65,Initial_problem_set/Test_prob_65.mps,True,0,False,1
66,Initial_problem_set/Test_prob_66.mps,True,0,False,52
67,Initial_problem_set/Test_prob_67.mps,True,0,False,5
68,Initial_problem_set/Test_prob_68.mps,True,0,False,2
69,Initial_problem_set/Test_prob_69.mps,True,0,False,27
72,Initial_problem_set/Test_prob_72.mps,True,0,False,1
73,Initial_problem_set/Test_prob_73.mps,True,0,False,29
87,Initial_problem_set/Test_prob_87.mps,True,0,False,46
89,Initial_problem_set/Test_prob_89.mps,True,0,False,4
90,Initial_problem_set/Test_prob_90.mps,True,0,False,3
95,Initial_problem_set/Test_prob_95.mps,True,0,False,5
