time,obj
2.459542,234.0
2.013561,1183.0
2.119709,29995.0
2.041048,80.967
0.342408,2639.000006
7.35261,23935.0
1.325384,363.093706
2.392277,650.0
2.050914,234.0
2.231948,420.0
2.030347,66.025
2.216148,378.0
2.017297,10.126391
2.262777,538.0
2.031002,14650.0
,
2.448373,784.0
2.174319,280.0
2.33799,706.0
1.03998,0.0
2.033806,-0.559714
2.17986,332.0
1.255434,557.848651
2.847935,-110942.0
1.270739,-65.0
2.031813,15818.0
2.600426,11.0
1.211817,197.333881
2.088354,436.087956
2.29701,576.0
