case_id,heuristic_optimal_time,heuristic_optimal_obj,heuristic_optimal_integral,heuristic_optimal_abs_integral,gurobi_presolve_last_inc_time,gurobi_presolve_final_obj,gurobi_presolve_integral,gurobi_presolve_abs_integral,better_abs_integral
1,2.122924,234.0,84240.0,84240.0,0.010226011276245117,234.0,84237.60711336136,84237.60711336136,heuristic_optimal
4,2.015788,1183.0,425880.0,425880.0,0.03676199913024902,1183.0,426213.65255999565,426213.65255999565,gurobi_presolve
9,2.119789,29995.0,10798200.0,10798200.0,7.325303077697754,1039.0701810999499,559681.0252673212,559681.0252673212,heuristic_optimal
12,2.042171,80.242,28887.12,28887.12,4.387660980224609,79.92999999999998,28786.35779179834,28786.35779179834,heuristic_optimal
13,0.335471,2639.000006,950040.00216,950040.00216,0.17030000686645508,2639.0000058765427,952408.0584414755,952408.0584414755,gurobi_presolve
15,7.368243,23935.0,8616600.0,8616600.0,4.300735950469971,24038.0,8642700.48592949,8642700.48592949,gurobi_presolve
18,1.32067,363.093706,130713.73415999999,130713.73415999999,1.2764880657196045,363.0937056874508,131752.18939274098,131752.18939274098,gurobi_presolve
19,2.390949,650.0,234000.0,234000.0,5.09267520904541,672.0,241900.2502641678,241900.2502641678,gurobi_presolve
22,2.03999,234.0,84240.0,84240.0,4.2461020946502686,159.0,77713.58954167366,77713.58954167366,heuristic_optimal
23,2.217743,420.0,151200.00000000003,151200.00000000003,8.142972946166992,420.0,151174.25663137436,151174.25663137436,heuristic_optimal
24,2.027577,66.025,23769.000000000004,23769.000000000004,7.969647169113159,64.89999999999998,23398.447146844857,23398.447146844857,heuristic_optimal
26,2.218176,378.0,136080.0,136080.0,4.217333793640137,384.0,138214.60552310944,138214.60552310944,gurobi_presolve
28,2.015272,10.126391,3645.5007600000004,3645.5007600000004,9.931480884552002,10.126391979338297,3661.6301499717747,3661.6301499717747,gurobi_presolve
35,2.275072,538.0,193680.0,193680.0,4.704322099685669,548.0,197255.55393886566,197255.55393886566,gurobi_presolve
40,2.02582,14650.0,5274000.0,5274000.0,3.049365997314453,14512.0,5225031.762666702,5225031.762666702,heuristic_optimal
42,,,,,0.007038116455078125,13067.0,4704041.642432451,4704041.642432451,gurobi_presolve
43,2.449424,784.0,282240.0,282240.0,10.084430932998657,846.0,304498.38833618164,304498.38833618164,gurobi_presolve
47,2.155273,280.0,100799.99999999999,100799.99999999999,2.0959877967834473,282.0,101517.22434139252,101517.22434139252,gurobi_presolve
50,2.356953,706.0,254160.00000000003,254160.00000000003,7.2811279296875,734.0,264202.64207077026,264202.64207077026,gurobi_presolve
65,1.067248,0.0,0.0,0.0,1.0866150856018066,0.0,122.66717791557312,122.66717791557312,gurobi_presolve
66,2.022967,-0.559714,-201.49704,201.49704,2.251568078994751,-0.5600083700145,-201.00912847708452,201.00912847708452,heuristic_optimal
67,2.180045,332.0,119520.0,119520.0,4.798943996429443,334.0,120218.95913839345,120218.95913839345,gurobi_presolve
68,1.21376,557.848651,200825.51436000003,200825.51436000003,1.178044080734253,557.848650950654,201747.1794564103,201747.1794564103,gurobi_presolve
69,2.848183,-110942.0,-39939120.0,39939120.0,0.10006403923034668,-110942.0,-39929015.24776578,39929015.24776578,heuristic_optimal
72,1.212997,-65.0,-23400.000000000004,23400.000000000004,0.3924729824066162,-65.0,-23396.2443754673,23396.2443754673,heuristic_optimal
73,2.030426,15903.0,5725080.0,5725080.0,5.391937971115112,15754.0,5672147.486257315,5672147.486257315,heuristic_optimal
87,2.588258,11.0,3960.0,3960.0,0.3345949649810791,11.0,4015.6946029663086,4015.6946029663086,gurobi_presolve
89,1.332039,197.333881,71040.19716,71040.19716,0.7079408168792725,197.3338812420934,71236.26734358593,71236.26734358593,gurobi_presolve
90,2.083765,436.087956,156991.66416000001,156991.66416000001,2.4500420093536377,430.57615307589884,157555.69816336496,157555.69816336496,gurobi_presolve
95,2.314402,576.0,207360.00000000003,207360.00000000003,0.007888078689575195,598.0,215275.28292894363,215275.28292894363,gurobi_presolve
