method,time_sec,objective
gurobi_presolve,0.00017786026000976562,1417.03
gurobi_presolve,0.011452913284301758,20.359600000000004
gurobi_presolve,0.014819860458374023,14.150359006429968
gurobi_presolve,0.02137899398803711,12.870789389160766
gurobi_presolve,0.0433650016784668,10.9478
gurobi_presolve,0.04842686653137207,10.750322301712371
gurobi_presolve,0.17467498779296875,10.66919573769068
gurobi_presolve,0.199476957321167,10.617162881956876
gurobi_presolve,0.22673988342285156,10.350729477832074
gurobi_presolve,0.23899483680725098,10.278282952517339
gurobi_presolve,0.2514200210571289,10.218186933968154
gurobi_presolve,0.2643418312072754,10.19535501736465
gurobi_presolve,0.33214783668518066,10.174462694906094
gurobi_presolve,0.3337850570678711,10.161448369653266
gurobi_presolve,1.085312843322754,10.126405904038352
gurobi_presolve,2.8335938453674316,10.126405677998404
gurobi_presolve,4.560426950454712,10.12640298535081
gurobi_presolve,4.5607099533081055,10.126395104230456
gurobi_presolve,5.16643500328064,10.126394998441475
gurobi_presolve,8.011173963546753,10.126394674499652
gurobi_presolve,8.501651048660278,10.126393932049858
gurobi_presolve,8.501782894134521,10.126393640408075
gurobi_presolve,8.50189995765686,10.126392803941462
gurobi_presolve,9.908265829086304,10.126392802828144
gurobi_presolve,9.92051100730896,10.126392723037789
gurobi_presolve,9.931149005889893,10.126392341161246
gurobi_presolve,9.931480884552002,10.126391934487643
heuristic_optimal,2.015272,10.126391
